Insight_ID,Area,Evidence,Interpretation,Caution
I1,Overall churn,26.54% of customers churned.,"Churn is a substantial outcome class, so model evaluation should not rely on accuracy alone.",This describes the observed dataset and is not a population estimate.
I2,Customer lifecycle,Mean tenure is 17.98 months for churned customers versus 37.57 months for non-churned customers.,Shorter-tenure customers show a stronger association with churn.,This is an association and does not prove that tenure causes churn.
I3,New customers,"Customers in the 0-6 month group have a 52.94% churn rate, compared with 19.51% for customers with more than six months.",The first six months are an important customer lifecycle segment.,This is a descriptive comparison.
I4,Contract,"Month-to-month churn = 42.71%, one-year = 11.27%, two-year = 2.83%.",Contract type is strongly associated with observed churn.,The analysis does not establish a causal effect of contract type.
I5,Internet service,"Fiber optic churn = 41.89%, DSL = 18.96%, no internet = 7.40%.",Internet service type separates customer groups with materially different observed churn rates.,"Service type may interact with contract, pricing, tenure, and other characteristics."
I6,Payment method,"Electronic-check churn = 45.29%, automatic bank transfer = 16.71%, automatic credit card = 15.24%.",Payment method is a strong descriptive separator in this dataset.,Payment method should not be interpreted as a direct cause without controlled analysis.
I7,Charges,Mean monthly charges are 74.44 for churned customers and 61.27 for non-churned customers.,Churned customers have higher average monthly charges but shorter average tenure.,Charges are related to subscribed services and customer tenure.
I8,Customer segmentation,"K-Means produced two segments with different tenure, service adoption, charges, and observed churn.",Unsupervised segmentation adds a descriptive customer-profile layer to the churn model.,Churn was not used when creating the clusters.
I9,Model errors,The tuned Logistic Regression produced 79 false negatives and 271 false positives on the test set.,The model still has uncertainty for a meaningful subset of customers.,The appropriate error balance depends on the operational cost of each error.
