Variable,gender,count,sum,mean,Churn_Rate_Percent,Overall_Churn_Difference,SeniorCitizen,Partner,Dependents,PhoneService,MultipleLines,InternetService,OnlineSecurity,OnlineBackup,DeviceProtection,TechSupport,StreamingTV,StreamingMovies,Contract,PaperlessBilling,PaymentMethod
PaymentMethod,,2365,1071,0.4528541226215645,45.28541226215645,18.74842518278686,,,,,,,,,,,,,,,Electronic check
Contract,,3875,1655,0.4270967741935484,42.70967741935484,16.17269033998525,,,,,,,,,,,,,Month-to-month,,
InternetService,,3096,1297,0.4189276485788114,41.89276485788114,15.355777778511552,,,,,,Fiber optic,,,,,,,,,
OnlineSecurity,,3498,1461,0.4176672384219554,41.76672384219554,15.22973676282595,,,,,,,No,,,,,,,,
SeniorCitizen,,1142,476,0.4168126094570928,41.68126094570928,15.144273866339695,1.0,,,,,,,,,,,,,,
TechSupport,,3473,1446,0.4163547365390153,41.63547365390153,15.09848657453194,,,,,,,,,,No,,,,,
OnlineBackup,,3088,1233,0.3992875647668393,39.92875647668394,13.391769397314349,,,,,,,,No,,,,,,,
DeviceProtection,,3095,1211,0.3912762520193861,39.127625201938606,12.590638122569018,,,,,,,,,No,,,,,,
PaperlessBilling,,4171,1400,0.3356509230400383,33.565092304003834,7.0281052246342455,,,,,,,,,,,,,,Yes,
Partner,,3641,1200,0.3295797857731392,32.95797857731392,6.420991497944335,,No,,,,,,,,,,,,,
Dependents,,4933,1543,0.3127914048246503,31.279140482465028,4.74215340309544,,,No,,,,,,,,,,,,
SeniorCitizen,,5901,1393,0.2360616844602609,23.606168446026096,-2.930818633343492,0.0,,,,,,,,,,,,,,
DeviceProtection,,2422,545,0.2250206440957886,22.50206440957886,-4.034922669790728,,,,,,,,,Yes,,,,,,
OnlineBackup,,2429,523,0.2153149444215726,21.531494442157268,-5.0054926372123205,,,,,,,,Yes,,,,,,,
Partner,,3402,669,0.1966490299823633,19.66490299823633,-6.872084081133259,,Yes,,,,,,,,,,,,,
PaymentMethod,,1612,308,0.1910669975186104,19.106699751861044,-7.430287327508545,,,,,,,,,,,,,,,Mailed check
InternetService,,2421,459,0.1895910780669145,18.95910780669145,-7.577879272678139,,,,,,DSL,,,,,,,,,
PaymentMethod,,1544,258,0.1670984455958549,16.709844559585495,-9.827142519784092,,,,,,,,,,,,,,,Bank transfer (automatic)
PaperlessBilling,,2872,469,0.1633008356545961,16.33008356545961,-10.206903513909978,,,,,,,,,,,,,,No,
Dependents,,2110,326,0.1545023696682464,15.450236966824646,-11.086750112544944,,,Yes,,,,,,,,,,,,
PaymentMethod,,1522,232,0.152431011826544,15.243101182654405,-11.293885896715183,,,,,,,,,,,,,,,Credit card (automatic)
TechSupport,,2044,310,0.1516634050880626,15.16634050880626,-11.370646570563329,,,,,,,,,,Yes,,,,,
OnlineSecurity,,2019,295,0.1461119366022783,14.611193660227835,-11.925793419141751,,,,,,,Yes,,,,,,,,
Contract,,1473,166,0.1126951799049558,11.269517990495586,-15.267469088874002,,,,,,,,,,,,,One year,,
InternetService,,1526,113,0.0740498034076015,7.404980340760157,-19.13200673860943,,,,,,No,,,,,,,,,
OnlineSecurity,,1526,113,0.0740498034076015,7.404980340760157,-19.13200673860943,,,,,,,No internet service,,,,,,,,
OnlineBackup,,1526,113,0.0740498034076015,7.404980340760157,-19.13200673860943,,,,,,,,No internet service,,,,,,,
DeviceProtection,,1526,113,0.0740498034076015,7.404980340760157,-19.13200673860943,,,,,,,,,No internet service,,,,,,
TechSupport,,1526,113,0.0740498034076015,7.404980340760157,-19.13200673860943,,,,,,,,,,No internet service,,,,,
Contract,,1695,48,0.0283185840707964,2.831858407079646,-23.70512867228994,,,,,,,,,,,,,Two year,,
