Feature,Chi_Square,p_value,Cramers_V
Contract,1184.5965720837926,5.863038300673391e-258,0.4101156965761409
OnlineSecurity,849.9989679615965,2.661149635176552e-185,0.3474004326740552
TechSupport,828.1970684587394,1.443084027999899e-180,0.3429161982469257
InternetService,732.309589667794,9.571788222840544e-160,0.3224545552123088
PaymentMethod,648.1423274814,3.6823546520097993e-140,0.3033586255540705
OnlineBackup,601.812790113409,2.079759216086428e-131,0.2923155121954445
DeviceProtection,558.419369407389,5.505219496457244e-122,0.281579732968073
StreamingMovies,375.6614793452656,2.667756755723681e-82,0.230950809069268
StreamingTV,374.2039433109813,5.528994485739182e-82,0.2305023384466809
PaperlessBilling,258.27764906707307,4.073354668665985e-58,0.1914981435533828
