K,Inertia,Silhouette_Score,Davies_Bouldin_Index,Calinski_Harabasz_Score
2,27490.297965599006,0.39006059247054753,1.0622269854107413,5586.303692175138
3,22215.756042134424,0.30887068472991064,1.3507106129615003,4291.563481787465
4,18013.86139401867,0.3334177951718366,1.189840606099397,4075.2292787165993
5,15819.708441460516,0.3431171897439377,1.129004696256588,3723.8632355565223
6,13815.533763081688,0.32726178066924394,1.0578896553529757,3614.9861702232774
7,11949.819285329113,0.34062896685573757,1.0579766095994476,3665.369874918831
8,10724.297850095752,0.3383967238403794,1.0439000181403602,3615.1203469669567
9,9936.488014341243,0.3222165685271324,1.0820372471693025,3483.2492136302944
10,9183.822648812937,0.32384659999272813,1.1196140157592778,3413.544639777351
