customerID,gender,SeniorCitizen,Partner,Dependents,tenure,PhoneService,MultipleLines,InternetService,OnlineSecurity,OnlineBackup,DeviceProtection,TechSupport,StreamingTV,StreamingMovies,Contract,PaperlessBilling,PaymentMethod,MonthlyCharges,TotalCharges,Churn,Churn_Binary,Num_Services,SecuritySupport_Count,Streaming_Count,Tenure_Group,Is_New_Customer,Above_Median_MonthlyCharge,Actual_Churn,Predicted_Churn,Churn_Probability,Threshold_Prediction,Prediction_Type
2754-SDJRD,Female,1,No,No,8,Yes,Yes,Fiber optic,No,No,No,Yes,Yes,Yes,Month-to-month,Yes,Credit card (automatic),100.15,908.55,No,0,5,1,2,7-12 months,0,1,0,1,0.8206947946581802,1,False Positive
0365-GXEZS,Male,0,Yes,No,18,Yes,No,Fiber optic,No,No,Yes,Yes,No,No,Month-to-month,No,Electronic check,78.2,1468.75,No,0,3,2,0,13-24 months,0,1,0,1,0.5518958786186831,1,False Positive
4686-UXDML,Female,0,No,No,21,Yes,Yes,Fiber optic,No,Yes,No,No,Yes,Yes,Month-to-month,Yes,Credit card (automatic),99.85,1992.55,No,0,5,1,2,13-24 months,0,1,0,1,0.7698915689754939,1,False Positive
2227-JRSJX,Female,0,No,No,21,Yes,No,Fiber optic,No,Yes,No,Yes,Yes,Yes,Month-to-month,Yes,Bank transfer (automatic),99.15,1956.4,No,0,5,2,2,13-24 months,0,1,0,1,0.6471400188254728,1,False Positive
1379-FRVEB,Male,0,No,Yes,15,Yes,Yes,Fiber optic,No,Yes,No,No,Yes,No,Month-to-month,Yes,Electronic check,91.0,1430.05,No,0,4,1,1,13-24 months,0,1,0,1,0.7730517948018336,1,False Positive
8058-DMYRU,Male,1,No,No,54,Yes,Yes,Fiber optic,No,Yes,No,No,No,Yes,Month-to-month,Yes,Electronic check,90.05,4931.8,No,0,4,1,1,49-72 months,0,1,0,1,0.6844379772696342,1,False Positive
5351-QESIO,Male,0,No,Yes,1,No,No phone service,DSL,No,No,No,No,No,No,Month-to-month,No,Mailed check,24.2,24.2,No,0,0,0,0,0-6 months,1,0,0,1,0.6490826161428463,1,False Positive
4927-WWOOZ,Male,0,Yes,No,2,Yes,Yes,Fiber optic,No,No,Yes,No,Yes,No,Month-to-month,Yes,Electronic check,91.45,171.45,No,0,4,1,1,0-6 months,1,1,0,1,0.9274343001100532,1,False Positive
4067-HLYQI,Female,0,No,No,33,Yes,No,Fiber optic,No,No,No,No,No,No,Month-to-month,Yes,Bank transfer (automatic),70.4,2406.1,No,0,1,0,0,25-48 months,0,1,0,1,0.567512791375154,1,False Positive
3199-XGZCY,Female,0,No,No,8,Yes,Yes,Fiber optic,No,No,No,No,No,No,Month-to-month,Yes,Electronic check,75.25,576.7,No,0,2,0,0,7-12 months,0,1,0,1,0.8039656987201643,1,False Positive
4226-KKDON,Male,0,No,No,8,Yes,No,DSL,No,Yes,No,Yes,Yes,No,Month-to-month,Yes,Electronic check,66.65,520.95,No,0,4,2,1,7-12 months,0,0,0,1,0.5525795199913778,1,False Positive
4256-ZWTZI,Female,0,No,Yes,5,Yes,No,DSL,No,No,No,Yes,No,No,Month-to-month,Yes,Mailed check,51.0,286.8,No,0,2,1,0,0-6 months,1,0,0,1,0.5803172465437589,1,False Positive
9537-VHDTA,Female,0,No,Yes,1,Yes,No,DSL,Yes,No,No,No,No,No,Month-to-month,No,Mailed check,51.2,51.2,No,0,2,1,0,0-6 months,1,0,0,1,0.5144689431272509,0,False Positive
6710-HSJRD,Male,0,Yes,No,61,Yes,Yes,Fiber optic,No,Yes,Yes,Yes,Yes,Yes,Month-to-month,Yes,Electronic check,114.1,7132.15,No,0,7,3,2,49-72 months,0,1,0,1,0.5618043222926609,1,False Positive
8873-GLDMH,Female,0,No,No,6,Yes,Yes,Fiber optic,No,No,No,No,No,No,Month-to-month,Yes,Mailed check,73.85,401.3,No,0,2,0,0,0-6 months,1,1,0,1,0.8656776965189088,1,False Positive
6234-PFPXL,Male,0,Yes,No,22,Yes,Yes,Fiber optic,Yes,No,No,Yes,Yes,No,Month-to-month,No,Credit card (automatic),95.9,2234.95,No,0,5,2,1,13-24 months,0,1,0,1,0.5061536970712399,0,False Positive
9389-ACWBI,Female,0,Yes,Yes,5,Yes,No,Fiber optic,No,No,No,No,No,No,Month-to-month,No,Credit card (automatic),69.95,320.4,No,0,1,0,0,0-6 months,1,0,0,1,0.747136087796133,1,False Positive
7018-WBJNK,Male,0,No,Yes,13,Yes,No,Fiber optic,No,No,No,No,Yes,No,Month-to-month,Yes,Credit card (automatic),78.3,1033.95,No,0,2,0,1,13-24 months,0,1,0,1,0.6878165291144585,1,False Positive
0432-CAJZV,Male,0,No,No,3,Yes,No,Fiber optic,No,No,No,No,Yes,Yes,Month-to-month,No,Mailed check,90.7,237.65,No,0,3,0,2,0-6 months,1,1,0,1,0.8784862277564284,1,False Positive
9638-JIQYA,Male,0,No,No,2,No,No phone service,DSL,No,No,No,No,No,No,Month-to-month,Yes,Credit card (automatic),24.9,49.7,No,0,0,0,0,0-6 months,1,0,0,1,0.7497005409576807,1,False Positive
1346-UFHAX,Female,0,No,No,13,Yes,Yes,Fiber optic,Yes,No,No,No,No,No,Month-to-month,Yes,Credit card (automatic),80.0,1029.35,No,0,3,1,0,13-24 months,0,1,0,1,0.641669783408318,1,False Positive
3966-HRMZA,Female,1,No,No,3,Yes,No,Fiber optic,No,No,Yes,No,No,No,Month-to-month,No,Mailed check,75.05,202.9,No,0,2,1,0,0-6 months,1,1,0,1,0.8189709576029146,1,False Positive
2178-PMGCJ,Male,0,No,No,22,Yes,No,Fiber optic,No,No,No,No,No,No,Month-to-month,Yes,Mailed check,69.7,1490.4,No,0,1,0,0,13-24 months,0,0,0,1,0.6327480420954288,1,False Positive
4660-IRIBM,Male,0,Yes,Yes,18,Yes,No,Fiber optic,Yes,No,Yes,No,Yes,No,Month-to-month,Yes,Mailed check,87.9,1500.5,No,0,4,2,1,13-24 months,0,1,0,1,0.5644575073562943,1,False Positive
5606-AMZBO,Female,0,Yes,No,10,Yes,Yes,Fiber optic,Yes,No,No,No,No,No,Month-to-month,Yes,Credit card (automatic),78.15,765.15,No,0,3,1,0,7-12 months,0,1,0,1,0.6504644024625693,1,False Positive
5402-HTOTQ,Male,0,No,No,16,Yes,Yes,DSL,No,Yes,No,No,No,No,Month-to-month,No,Electronic check,55.3,875.35,No,0,3,1,0,13-24 months,0,0,0,1,0.5079382853413879,0,False Positive
3787-TRIAL,Male,0,Yes,Yes,21,No,No phone service,DSL,No,No,No,No,No,No,Month-to-month,Yes,Electronic check,26.05,565.75,No,0,0,0,0,13-24 months,0,0,0,1,0.5354994481276838,1,False Positive
6175-IRFIT,Male,0,No,No,5,Yes,No,Fiber optic,No,No,No,No,No,Yes,Month-to-month,No,Mailed check,78.75,426.35,No,0,2,0,1,0-6 months,1,1,0,1,0.8350827342450045,1,False Positive
0599-XNYDO,Female,0,Yes,No,20,Yes,No,Fiber optic,No,No,No,No,No,No,Month-to-month,Yes,Bank transfer (automatic),69.8,1540.35,No,0,1,0,0,13-24 months,0,0,0,1,0.6288170265357295,1,False Positive
2604-IJPDU,Female,0,Yes,No,20,Yes,No,Fiber optic,Yes,Yes,No,Yes,Yes,No,Month-to-month,Yes,Electronic check,96.55,1901.65,No,0,5,3,1,13-24 months,0,1,0,1,0.5766699421250671,1,False Positive
2501-XWWTZ,Male,0,No,No,11,Yes,No,Fiber optic,No,No,No,No,No,No,Month-to-month,No,Electronic check,70.2,760.05,No,0,1,0,0,7-12 months,0,0,0,1,0.6875858318741468,1,False Positive
4526-ZJJTM,Female,1,Yes,No,25,Yes,No,Fiber optic,No,Yes,Yes,No,No,Yes,Month-to-month,No,Bank transfer (automatic),88.4,2191.15,No,0,4,2,1,25-48 months,0,1,0,1,0.5958507914287061,1,False Positive
1471-GIQKQ,Female,0,No,No,1,Yes,No,DSL,No,Yes,No,No,No,No,Month-to-month,No,Electronic check,49.95,49.95,No,0,2,1,0,0-6 months,1,0,0,1,0.6878763569377802,1,False Positive
8059-UDZFY,Female,1,No,Yes,33,Yes,Yes,Fiber optic,No,Yes,Yes,No,Yes,Yes,Month-to-month,Yes,Bank transfer (automatic),105.35,3465.05,No,0,6,2,2,25-48 months,0,1,0,1,0.7094944580321257,1,False Positive
0410-IPFTY,Female,0,Yes,No,31,Yes,No,Fiber optic,No,Yes,No,No,No,Yes,Month-to-month,Yes,Bank transfer (automatic),83.85,2674.15,No,0,3,1,1,25-48 months,0,1,0,1,0.6041676638677995,1,False Positive
2478-EEWWM,Male,0,Yes,No,59,No,No phone service,DSL,No,No,No,No,Yes,Yes,Month-to-month,Yes,Electronic check,44.3,2666.75,No,0,2,0,2,49-72 months,0,0,0,1,0.5369707994457684,1,False Positive
4619-EVPHY,Female,1,Yes,No,20,Yes,No,Fiber optic,No,No,No,No,Yes,Yes,One year,Yes,Bank transfer (automatic),91.0,1859.5,No,0,3,0,2,13-24 months,0,1,0,1,0.6838965726175553,1,False Positive
2277-DJJDL,Male,1,Yes,No,60,Yes,Yes,Fiber optic,No,No,No,Yes,Yes,Yes,Month-to-month,Yes,Electronic check,99.0,6017.9,No,0,5,1,2,49-72 months,0,1,0,1,0.6678153273225472,1,False Positive
2911-WDXMV,Male,0,No,Yes,18,Yes,Yes,Fiber optic,No,No,Yes,No,No,No,Month-to-month,Yes,Credit card (automatic),80.55,1406.65,No,0,3,1,0,13-24 months,0,1,0,1,0.6502660493733503,1,False Positive
4223-WOZCM,Male,1,No,No,2,Yes,No,DSL,No,No,Yes,No,No,No,Month-to-month,No,Mailed check,49.95,107.1,No,0,2,1,0,0-6 months,1,0,0,1,0.6839647142107619,1,False Positive
1261-FWTTE,Male,1,No,No,23,No,No phone service,DSL,No,No,No,No,No,Yes,Month-to-month,Yes,Bank transfer (automatic),34.65,768.45,No,0,1,0,1,13-24 months,0,0,0,1,0.6145735988031668,1,False Positive
0082-OQIQY,Male,0,No,No,29,Yes,No,Fiber optic,No,No,No,Yes,Yes,Yes,Month-to-month,Yes,Electronic check,94.2,2607.6,No,0,4,1,2,25-48 months,0,1,0,1,0.7209381110830905,1,False Positive
1100-DDVRV,Male,0,Yes,No,17,No,No phone service,DSL,No,Yes,No,No,Yes,Yes,Month-to-month,Yes,Mailed check,49.8,836.35,No,0,3,1,2,13-24 months,0,0,0,1,0.6230728948950242,1,False Positive
3338-CVVEH,Male,0,No,No,12,Yes,Yes,Fiber optic,No,No,No,No,Yes,Yes,Month-to-month,No,Electronic check,94.55,1173.55,No,0,4,0,2,7-12 months,0,1,0,1,0.8331374612988056,1,False Positive
4115-NZRKS,Female,1,No,No,7,Yes,No,Fiber optic,No,No,No,No,Yes,Yes,Month-to-month,Yes,Electronic check,89.15,574.35,No,0,3,0,2,7-12 months,0,1,0,1,0.8769366077851228,1,False Positive
8849-AYPTR,Male,0,Yes,No,33,Yes,No,Fiber optic,No,No,No,No,Yes,Yes,Month-to-month,No,Electronic check,91.25,2964.05,No,0,3,0,2,25-48 months,0,1,0,1,0.7080133120236416,1,False Positive
3780-YVMFA,Female,0,Yes,Yes,8,Yes,No,DSL,No,No,No,Yes,Yes,Yes,Month-to-month,Yes,Electronic check,68.55,564.35,No,0,4,1,2,7-12 months,0,0,0,1,0.5989004699774721,1,False Positive
0899-LIIBW,Male,0,Yes,No,34,Yes,Yes,Fiber optic,No,No,Yes,No,Yes,Yes,Month-to-month,No,Electronic check,100.85,3527.3,No,0,5,1,2,25-48 months,0,1,0,1,0.7398050021757054,1,False Positive
0531-ZZJWQ,Male,1,Yes,No,55,Yes,Yes,Fiber optic,No,No,No,No,No,No,Month-to-month,Yes,Electronic check,74.0,4052.4,No,0,2,0,0,49-72 months,0,1,0,1,0.6519393155582609,1,False Positive
1217-VASWC,Male,1,Yes,No,43,Yes,No,Fiber optic,No,Yes,Yes,No,Yes,Yes,One year,Yes,Bank transfer (automatic),100.55,4304.0,No,0,5,2,2,25-48 months,0,1,0,1,0.5145566576766867,0,False Positive
2452-KDRRH,Male,1,No,No,67,Yes,Yes,Fiber optic,No,No,Yes,No,Yes,Yes,Month-to-month,Yes,Credit card (automatic),101.4,6841.05,No,0,5,1,2,49-72 months,0,1,0,1,0.6215335172278896,1,False Positive
6402-EJMWF,Male,0,No,No,4,Yes,No,DSL,No,No,No,No,No,Yes,Month-to-month,Yes,Mailed check,55.3,238.5,No,0,2,0,1,0-6 months,1,0,0,1,0.7681245398230093,1,False Positive
2587-EKXTS,Male,0,No,No,44,Yes,Yes,Fiber optic,Yes,Yes,Yes,No,Yes,Yes,Month-to-month,Yes,Electronic check,111.5,4915.15,No,0,7,3,2,25-48 months,0,1,0,1,0.6495177461490534,1,False Positive
9752-ZNQUT,Female,0,No,No,1,Yes,No,DSL,No,Yes,No,No,No,No,Month-to-month,Yes,Electronic check,48.6,48.6,No,0,2,1,0,0-6 months,1,0,0,1,0.7495320587315846,1,False Positive
9572-WUKSB,Male,0,Yes,No,3,No,No phone service,DSL,No,No,No,Yes,No,No,Month-to-month,Yes,Electronic check,29.9,92.25,No,0,1,1,0,0-6 months,1,0,0,1,0.7463561723602857,1,False Positive
8805-JNRAZ,Female,0,No,No,2,Yes,No,DSL,No,Yes,No,No,No,No,Month-to-month,No,Mailed check,49.2,103.7,No,0,2,1,0,0-6 months,1,0,0,1,0.6069805758357848,1,False Positive
3069-SSVSN,Female,0,No,No,1,No,No phone service,DSL,No,No,No,No,No,No,One year,No,Mailed check,25.85,25.85,No,0,0,0,0,0-6 months,1,0,0,1,0.5596156748358541,1,False Positive
8132-YPVBX,Female,0,No,No,6,Yes,No,Fiber optic,No,Yes,No,No,No,Yes,Month-to-month,Yes,Mailed check,85.95,514.6,No,0,3,1,1,0-6 months,1,1,0,1,0.8538280118797253,1,False Positive
1302-UHBDD,Male,1,No,No,20,Yes,No,Fiber optic,No,No,No,No,Yes,Yes,Month-to-month,No,Electronic check,89.95,1648.45,No,0,3,0,2,13-24 months,0,1,0,1,0.801392084875556,1,False Positive
1335-NTIUC,Male,0,No,No,9,No,No phone service,DSL,No,No,No,No,No,No,Month-to-month,Yes,Electronic check,24.95,190.25,No,0,0,0,0,7-12 months,0,0,0,1,0.6381682476151593,1,False Positive
1536-HBSWP,Female,0,No,No,1,Yes,No,DSL,No,No,No,Yes,No,No,Month-to-month,Yes,Electronic check,49.9,49.9,No,0,2,1,0,0-6 months,1,0,0,1,0.7151685801020792,1,False Positive
2694-CIUMO,Female,0,No,No,12,Yes,Yes,Fiber optic,No,No,No,Yes,No,No,Month-to-month,Yes,Credit card (automatic),79.55,958.25,No,0,3,1,0,7-12 months,0,1,0,1,0.6528467168899135,1,False Positive
1174-FGIFN,Female,0,Yes,Yes,28,Yes,Yes,Fiber optic,No,No,No,Yes,No,Yes,One year,Yes,Electronic check,90.45,2509.25,No,0,4,1,1,25-48 months,0,1,0,1,0.540749739695409,1,False Positive
0730-KOAVE,Male,0,No,No,30,Yes,Yes,Fiber optic,Yes,Yes,No,No,No,Yes,Month-to-month,Yes,Credit card (automatic),94.3,2679.7,No,0,5,2,1,25-48 months,0,1,0,1,0.5924023341734735,1,False Positive
1658-TJVOA,Female,1,No,No,6,Yes,No,Fiber optic,Yes,No,No,No,No,No,Month-to-month,Yes,Electronic check,74.1,450.9,No,0,2,1,0,0-6 months,1,1,0,1,0.8546643594563679,1,False Positive
8266-VBFQL,Male,0,No,No,4,Yes,No,Fiber optic,No,No,Yes,Yes,No,Yes,Month-to-month,Yes,Electronic check,90.4,356.65,No,0,4,2,1,0-6 months,1,1,0,1,0.8712995710777177,1,False Positive
2325-NBPZG,Female,0,No,No,3,Yes,No,Fiber optic,Yes,No,No,No,No,No,Month-to-month,Yes,Electronic check,74.55,233.65,No,0,2,1,0,0-6 months,1,1,0,1,0.8354682191409232,1,False Positive
9508-ILZDG,Female,1,No,No,34,Yes,Yes,Fiber optic,No,Yes,No,Yes,Yes,No,Month-to-month,Yes,Electronic check,96.35,3190.25,No,0,5,2,1,25-48 months,0,1,0,1,0.7016934050183122,1,False Positive
5442-BHQNG,Female,0,No,No,2,Yes,No,Fiber optic,No,No,No,No,No,No,Month-to-month,No,Electronic check,70.35,139.25,No,0,1,0,0,0-6 months,1,0,0,1,0.8460242886140394,1,False Positive
9767-FFLEM,Male,0,No,No,38,Yes,No,Fiber optic,No,No,No,No,No,No,Month-to-month,Yes,Credit card (automatic),69.5,2625.25,No,0,1,0,0,25-48 months,0,0,0,1,0.5459703238064941,1,False Positive
9054-FOWNV,Male,0,Yes,Yes,22,Yes,Yes,Fiber optic,No,No,Yes,No,Yes,No,Month-to-month,Yes,Electronic check,88.75,1885.15,No,0,4,1,1,13-24 months,0,1,0,1,0.7576631123876906,1,False Positive
7748-UMTRK,Female,1,No,Yes,30,Yes,Yes,Fiber optic,No,No,No,Yes,Yes,Yes,Month-to-month,Yes,Electronic check,101.3,2974.5,No,0,5,1,2,25-48 months,0,1,0,1,0.7670829338464443,1,False Positive
7928-VJYAB,Male,0,Yes,Yes,11,Yes,No,Fiber optic,No,No,No,No,Yes,Yes,Month-to-month,No,Electronic check,90.6,1020.2,No,0,3,0,2,7-12 months,0,1,0,1,0.7630146197007796,1,False Positive
2665-NPTGL,Female,1,Yes,No,26,Yes,Yes,Fiber optic,No,No,Yes,No,Yes,Yes,Month-to-month,Yes,Bank transfer (automatic),98.1,2510.7,No,0,5,1,2,25-48 months,0,1,0,1,0.7986726400692198,1,False Positive
8728-SKJLR,Male,0,No,No,41,Yes,No,Fiber optic,No,No,No,Yes,No,No,Month-to-month,Yes,Electronic check,74.25,3089.1,No,0,2,1,0,25-48 months,0,1,0,1,0.5295050823909269,1,False Positive
7733-UDMTP,Female,1,No,No,57,No,No phone service,DSL,No,Yes,Yes,No,Yes,Yes,Month-to-month,Yes,Electronic check,55.0,3094.05,No,0,4,2,2,49-72 months,0,0,0,1,0.5403958196803739,1,False Positive
7277-OZCGZ,Female,0,No,No,22,Yes,No,Fiber optic,Yes,No,No,Yes,No,Yes,Month-to-month,Yes,Electronic check,89.05,1886.25,No,0,4,2,1,13-24 months,0,1,0,1,0.6039055829518214,1,False Positive
9741-YLNTD,Male,0,No,No,6,Yes,Yes,Fiber optic,No,No,No,Yes,No,Yes,Month-to-month,Yes,Bank transfer (automatic),87.95,522.35,No,0,4,1,1,0-6 months,1,1,0,1,0.8615209462758032,1,False Positive
5129-JLPIS,Male,0,No,No,25,Yes,No,Fiber optic,Yes,No,Yes,Yes,Yes,Yes,Month-to-month,Yes,Electronic check,105.5,2686.05,No,0,6,3,2,25-48 months,0,1,0,1,0.6461263184111423,1,False Positive
2971-SGAFL,Female,0,No,No,13,Yes,Yes,DSL,Yes,No,Yes,No,Yes,Yes,Month-to-month,Yes,Electronic check,78.75,995.35,No,0,6,2,2,13-24 months,0,1,0,1,0.6632953443954366,1,False Positive
4581-LNWUM,Female,0,No,No,13,No,No phone service,DSL,No,No,Yes,No,Yes,Yes,Month-to-month,No,Electronic check,49.15,649.4,No,0,3,1,2,13-24 months,0,0,0,1,0.6601240406303185,1,False Positive
5022-JNQEQ,Female,0,Yes,Yes,9,Yes,No,Fiber optic,No,No,No,Yes,No,No,Month-to-month,Yes,Electronic check,75.85,647.5,No,0,2,1,0,7-12 months,0,1,0,1,0.642533334380235,1,False Positive
4983-CCWMC,Male,0,No,No,3,Yes,No,Fiber optic,No,No,No,No,No,No,Month-to-month,Yes,Mailed check,69.6,207.4,No,0,1,0,0,0-6 months,1,0,0,1,0.8442836327812177,1,False Positive
7251-LJBQN,Female,1,No,No,40,Yes,Yes,Fiber optic,No,No,Yes,Yes,Yes,Yes,One year,Yes,Credit card (automatic),103.75,4188.4,No,0,6,2,2,25-48 months,0,1,0,1,0.5399712712200482,1,False Positive
8160-HOWOX,Female,0,No,No,7,Yes,No,DSL,No,No,No,No,Yes,Yes,Month-to-month,Yes,Electronic check,66.85,458.1,No,0,3,0,2,7-12 months,0,0,0,1,0.7302862925972146,1,False Positive
0258-NOKBL,Male,0,No,No,3,Yes,No,Fiber optic,No,Yes,Yes,No,No,Yes,Month-to-month,No,Electronic check,90.4,268.45,No,0,4,2,1,0-6 months,1,1,0,1,0.858597447941965,1,False Positive
2800-QQUSO,Male,0,No,No,42,Yes,Yes,Fiber optic,No,No,No,Yes,Yes,Yes,Month-to-month,Yes,Electronic check,100.3,4222.95,No,0,5,1,2,25-48 months,0,1,0,1,0.7139157251470506,1,False Positive
6969-MVBAI,Female,1,No,No,9,Yes,Yes,Fiber optic,No,No,Yes,No,Yes,No,Month-to-month,Yes,Electronic check,90.1,816.8,No,0,4,1,1,7-12 months,0,1,0,1,0.8618883966081073,1,False Positive
2782-LFZVW,Female,0,No,No,11,Yes,Yes,DSL,No,No,No,No,No,Yes,Month-to-month,Yes,Mailed check,58.95,601.6,No,0,3,0,1,7-12 months,0,0,0,1,0.631223675310581,1,False Positive
0015-UOCOJ,Female,1,No,No,7,Yes,No,DSL,Yes,No,No,No,No,No,Month-to-month,Yes,Electronic check,48.2,340.35,No,0,2,1,0,7-12 months,0,0,0,1,0.5545244248782213,1,False Positive
1077-HUUJM,Female,0,No,Yes,7,Yes,No,Fiber optic,No,No,No,No,No,No,Month-to-month,Yes,Electronic check,71.05,472.65,No,0,1,0,0,7-12 months,0,1,0,1,0.7268138145231643,1,False Positive
2041-JIJCI,Female,0,No,No,5,Yes,Yes,DSL,No,Yes,No,No,No,Yes,Month-to-month,Yes,Electronic check,64.0,370.25,No,0,4,1,1,0-6 months,1,0,0,1,0.8297658971942331,1,False Positive
3292-PBZEJ,Male,1,No,No,11,Yes,Yes,Fiber optic,No,Yes,Yes,Yes,Yes,Yes,Month-to-month,Yes,Electronic check,111.4,1183.05,No,0,7,3,2,7-12 months,0,1,0,1,0.8366917231017442,1,False Positive
5016-IBERQ,Male,0,Yes,No,23,Yes,Yes,Fiber optic,No,Yes,Yes,No,No,No,Month-to-month,No,Electronic check,84.25,1968.1,No,0,4,2,0,13-24 months,0,1,0,1,0.6361509540652094,1,False Positive
1016-DJTSV,Male,1,No,No,8,Yes,No,Fiber optic,No,No,No,No,No,No,Month-to-month,Yes,Electronic check,69.7,572.85,No,0,1,0,0,7-12 months,0,0,0,1,0.7988231261205163,1,False Positive
8903-XEBGX,Male,0,No,Yes,2,Yes,No,DSL,No,No,No,No,No,Yes,Month-to-month,Yes,Electronic check,55.3,108.65,No,0,2,0,1,0-6 months,1,0,0,1,0.7977027442768336,1,False Positive
7952-OBOYL,Male,0,No,No,3,Yes,No,Fiber optic,No,No,Yes,Yes,Yes,No,Month-to-month,Yes,Mailed check,89.85,244.45,No,0,4,2,1,0-6 months,1,1,0,1,0.8309141419053536,1,False Positive
8818-DOPVL,Female,1,No,No,46,Yes,Yes,Fiber optic,No,Yes,Yes,No,Yes,Yes,Month-to-month,Yes,Electronic check,104.45,4863.85,No,0,6,2,2,25-48 months,0,1,0,1,0.7545767293728348,1,False Positive
4724-WXVWF,Male,0,No,No,48,Yes,Yes,Fiber optic,Yes,No,No,Yes,No,Yes,Month-to-month,Yes,Electronic check,95.4,4445.3,No,0,5,2,1,25-48 months,0,1,0,1,0.5345528872881604,1,False Positive
3717-OEAUQ,Male,0,No,No,2,Yes,No,Fiber optic,No,No,No,No,No,No,Month-to-month,No,Mailed check,70.7,129.2,No,0,1,0,0,0-6 months,1,1,0,1,0.8027970728506466,1,False Positive
4570-QHXHL,Female,0,No,No,9,Yes,No,DSL,No,No,No,No,No,No,Month-to-month,Yes,Electronic check,43.75,405.7,No,0,1,0,0,7-12 months,0,0,0,1,0.5838413081707917,1,False Positive
6874-SGLHU,Male,0,No,No,30,Yes,No,Fiber optic,No,Yes,No,No,Yes,Yes,One year,Yes,Bank transfer (automatic),97.0,3021.3,No,0,4,1,2,25-48 months,0,1,0,1,0.5544233986621245,1,False Positive
9779-DPNEJ,Female,0,Yes,Yes,22,Yes,No,Fiber optic,No,No,No,No,No,Yes,Month-to-month,Yes,Electronic check,80.15,1790.65,No,0,2,0,1,13-24 months,0,1,0,1,0.7176294868269177,1,False Positive
0327-WFZSY,Male,0,Yes,Yes,39,Yes,Yes,Fiber optic,No,No,Yes,No,Yes,Yes,One year,No,Electronic check,100.0,3835.55,No,0,5,1,2,25-48 months,0,1,0,1,0.5440919449568301,1,False Positive
1465-LNTLJ,Male,1,Yes,No,8,Yes,No,DSL,No,No,Yes,Yes,No,Yes,Month-to-month,Yes,Credit card (automatic),64.4,581.7,No,0,4,2,1,7-12 months,0,0,0,1,0.5360356701426254,1,False Positive
0988-JRWWP,Female,0,No,No,3,Yes,No,DSL,No,No,No,No,Yes,No,Month-to-month,Yes,Electronic check,54.2,140.4,No,0,2,0,1,0-6 months,1,0,0,1,0.8181361851232004,1,False Positive
7460-ITWWP,Female,1,Yes,No,45,Yes,No,Fiber optic,No,No,Yes,No,No,Yes,Month-to-month,Yes,Electronic check,86.1,3861.45,No,0,3,1,1,25-48 months,0,1,0,1,0.6868582158115156,1,False Positive
9717-QEBGU,Male,0,No,No,2,Yes,No,Fiber optic,No,No,No,No,No,No,Month-to-month,Yes,Electronic check,70.3,144.0,No,0,1,0,0,0-6 months,1,0,0,1,0.8855512589819959,1,False Positive
6377-WHAOX,Female,0,Yes,No,60,Yes,Yes,Fiber optic,No,Yes,Yes,No,Yes,Yes,Month-to-month,Yes,Electronic check,106.15,6411.25,No,0,6,2,2,49-72 months,0,1,0,1,0.6428730145980885,1,False Positive
9167-APMXZ,Female,0,No,No,22,Yes,Yes,Fiber optic,No,No,No,No,Yes,No,Month-to-month,Yes,Bank transfer (automatic),84.15,1821.95,No,0,3,0,1,13-24 months,0,1,0,1,0.7394368955872647,1,False Positive
5207-PLSTK,Male,0,Yes,Yes,1,Yes,No,DSL,Yes,No,No,No,No,No,Month-to-month,Yes,Mailed check,48.75,48.75,No,0,2,1,0,0-6 months,1,0,0,1,0.590960561223131,1,False Positive
2386-OWURY,Female,0,No,No,58,Yes,No,Fiber optic,No,No,No,Yes,Yes,Yes,Month-to-month,Yes,Electronic check,95.3,5817.7,No,0,4,1,2,49-72 months,0,1,0,1,0.5646241742668228,1,False Positive
8709-KRDVL,Female,0,No,No,33,Yes,Yes,Fiber optic,No,Yes,No,No,Yes,Yes,Month-to-month,Yes,Electronic check,100.0,3320.6,No,0,5,1,2,25-48 months,0,1,0,1,0.7821566818927425,1,False Positive
5949-HGVJL,Female,0,Yes,No,26,Yes,No,DSL,No,Yes,No,Yes,Yes,Yes,Month-to-month,Yes,Electronic check,73.05,1959.5,No,0,5,2,2,25-48 months,0,1,0,1,0.5143360088988832,0,False Positive
9112-WSNPU,Female,1,No,No,35,Yes,No,Fiber optic,No,No,No,No,No,No,Month-to-month,No,Electronic check,70.55,2419.0,No,0,1,0,0,25-48 months,0,1,0,1,0.6169539896808269,1,False Positive
4445-ZJNMU,Male,0,No,No,9,Yes,Yes,Fiber optic,No,Yes,No,No,Yes,Yes,Month-to-month,Yes,Credit card (automatic),99.3,918.75,No,0,5,1,2,7-12 months,0,1,0,1,0.8165450058957073,1,False Positive
5542-TBBWB,Male,0,No,No,1,Yes,No,Fiber optic,No,No,No,No,No,No,Month-to-month,Yes,Electronic check,69.9,69.9,No,0,1,0,0,0-6 months,1,0,0,1,0.8873303568585524,1,False Positive
1751-NCDLI,Male,1,Yes,No,46,Yes,Yes,Fiber optic,No,No,Yes,No,Yes,Yes,Month-to-month,Yes,Electronic check,98.85,4564.9,No,0,5,1,2,25-48 months,0,1,0,1,0.7851378240674829,1,False Positive
4301-VVZKA,Male,0,Yes,No,16,Yes,Yes,Fiber optic,No,No,No,No,No,No,Month-to-month,Yes,Electronic check,75.4,1189.4,No,0,2,0,0,13-24 months,0,1,0,1,0.7781987968867891,1,False Positive
9812-GHVRI,Female,0,No,No,40,Yes,Yes,Fiber optic,No,No,No,No,No,Yes,Month-to-month,No,Bank transfer (automatic),83.85,3532.25,No,0,3,0,1,25-48 months,0,1,0,1,0.581499025896811,1,False Positive
1370-GGAWX,Female,0,No,No,46,Yes,Yes,Fiber optic,No,Yes,Yes,No,No,Yes,One year,Yes,Electronic check,94.15,4408.45,No,0,5,2,1,25-48 months,0,1,0,1,0.5188021207065434,0,False Positive
5575-TPIZQ,Male,0,No,No,46,Yes,Yes,Fiber optic,Yes,No,No,No,Yes,No,Month-to-month,Yes,Credit card (automatic),89.15,4245.55,No,0,4,1,1,25-48 months,0,1,0,1,0.5373035879809042,1,False Positive
4360-PNRQB,Male,0,No,No,18,Yes,Yes,Fiber optic,No,No,No,No,No,No,Month-to-month,Yes,Bank transfer (automatic),75.6,1395.05,No,0,2,0,0,13-24 months,0,1,0,1,0.7067539544701869,1,False Positive
3030-YDNRM,Male,0,No,No,8,Yes,Yes,Fiber optic,No,No,No,No,No,No,Month-to-month,Yes,Electronic check,74.85,572.45,No,0,2,0,0,7-12 months,0,1,0,1,0.8073390242073927,1,False Positive
9819-FBNSV,Male,1,Yes,No,37,Yes,No,Fiber optic,No,No,No,No,No,No,Month-to-month,Yes,Bank transfer (automatic),72.25,2575.45,No,0,1,0,0,25-48 months,0,1,0,1,0.607924568007288,1,False Positive
4468-YDOVK,Male,0,No,Yes,5,Yes,No,DSL,No,No,No,Yes,No,No,Month-to-month,Yes,Bank transfer (automatic),48.65,235.2,No,0,2,1,0,0-6 months,1,0,0,1,0.5784496661404794,1,False Positive
9992-UJOEL,Male,0,No,No,2,Yes,No,DSL,No,Yes,No,No,No,No,Month-to-month,Yes,Mailed check,50.3,92.75,No,0,2,1,0,0-6 months,1,0,0,1,0.6874528644733262,1,False Positive
8778-LMWTJ,Female,0,No,No,9,Yes,No,Fiber optic,Yes,No,No,No,No,No,Month-to-month,Yes,Electronic check,74.85,708.2,No,0,2,1,0,7-12 months,0,1,0,1,0.6789602753607019,1,False Positive
8033-VCZGH,Male,0,Yes,No,50,Yes,Yes,Fiber optic,Yes,No,Yes,No,Yes,Yes,One year,Yes,Electronic check,103.95,5231.3,No,0,6,2,2,49-72 months,0,1,0,1,0.5121998389055077,0,False Positive
6128-AQBMT,Male,1,Yes,No,41,No,No phone service,DSL,No,Yes,Yes,No,Yes,Yes,Month-to-month,Yes,Electronic check,53.95,2215.4,No,0,4,2,2,25-48 months,0,0,0,1,0.6203468661466514,1,False Positive
6257-RJOHI,Male,0,No,No,4,Yes,No,DSL,No,No,No,Yes,No,No,Month-to-month,Yes,Mailed check,50.8,202.3,No,0,2,1,0,0-6 months,1,0,0,1,0.6376077083449958,1,False Positive
5213-TWWJU,Male,0,No,No,28,Yes,No,Fiber optic,No,No,Yes,Yes,No,Yes,Month-to-month,No,Electronic check,91.0,2626.15,No,0,4,2,1,25-48 months,0,1,0,1,0.5776827439885599,1,False Positive
3312-ZWLGF,Male,1,Yes,No,29,Yes,Yes,Fiber optic,No,No,No,Yes,No,No,Month-to-month,Yes,Electronic check,79.3,2414.55,No,0,3,1,0,25-48 months,0,1,0,1,0.6970821107086284,1,False Positive
7363-QTBIW,Female,0,Yes,No,9,Yes,No,Fiber optic,No,No,No,No,No,Yes,Month-to-month,Yes,Electronic check,79.75,769.1,No,0,2,0,1,7-12 months,0,1,0,1,0.8029886363519491,1,False Positive
6158-HDPXZ,Male,0,No,No,1,No,No phone service,DSL,No,No,No,No,No,No,Month-to-month,No,Mailed check,25.35,25.35,No,0,0,0,0,0-6 months,1,0,0,1,0.6945151279136927,1,False Positive
6507-ZJSUR,Male,1,Yes,No,23,Yes,No,Fiber optic,No,No,No,No,Yes,Yes,Month-to-month,Yes,Electronic check,90.45,2117.25,No,0,3,0,2,13-24 months,0,1,0,1,0.8361346756030593,1,False Positive
3365-SAIGS,Female,0,No,No,17,Yes,No,Fiber optic,No,Yes,No,No,Yes,No,Month-to-month,Yes,Electronic check,83.55,1329.15,No,0,3,1,1,13-24 months,0,1,0,1,0.7461201447031,1,False Positive
9979-RGMZT,Female,0,No,No,7,Yes,No,Fiber optic,No,Yes,No,No,Yes,Yes,One year,Yes,Mailed check,94.05,633.45,No,0,4,1,2,7-12 months,0,1,0,1,0.6697779319446877,1,False Positive
8445-DNBAE,Male,0,No,Yes,1,Yes,Yes,DSL,No,No,No,No,No,No,Month-to-month,Yes,Electronic check,50.05,50.05,No,0,2,0,0,0-6 months,1,0,0,1,0.7946820201889325,1,False Positive
2254-DLXRI,Female,0,No,No,1,Yes,Yes,Fiber optic,No,Yes,No,No,No,No,Month-to-month,Yes,Mailed check,79.15,79.15,No,0,3,1,0,0-6 months,1,1,0,1,0.8607765717947258,1,False Positive
5339-PXDVH,Male,0,No,No,4,Yes,Yes,Fiber optic,Yes,No,No,No,Yes,No,Month-to-month,No,Electronic check,90.65,367.95,No,0,4,1,1,0-6 months,1,1,0,1,0.8673622458578742,1,False Positive
9842-EFSYY,Female,0,No,Yes,4,No,No phone service,DSL,Yes,Yes,Yes,No,Yes,Yes,Month-to-month,Yes,Mailed check,57.2,223.75,No,0,5,3,2,0-6 months,1,0,0,1,0.7010665340257324,1,False Positive
8622-ZLFKO,Female,0,Yes,No,6,Yes,Yes,Fiber optic,No,Yes,No,No,No,Yes,Month-to-month,Yes,Electronic check,90.75,512.25,No,0,4,1,1,0-6 months,1,1,0,1,0.91276612783517,1,False Positive
2692-PFYTJ,Female,0,No,No,1,Yes,Yes,No,No internet service,No internet service,No internet service,No internet service,No internet service,No internet service,Month-to-month,Yes,Mailed check,25.75,25.75,No,0,2,0,0,0-6 months,1,0,0,1,0.5400451739970774,1,False Positive
5226-NOZFC,Male,0,No,No,26,Yes,No,Fiber optic,No,Yes,No,No,Yes,No,Month-to-month,Yes,Electronic check,85.75,2146.5,No,0,3,1,1,25-48 months,0,1,0,1,0.7156954830642124,1,False Positive
3466-RITXD,Male,0,No,No,26,Yes,Yes,Fiber optic,Yes,Yes,No,No,Yes,No,Month-to-month,Yes,Credit card (automatic),92.4,2349.8,No,0,5,2,1,25-48 months,0,1,0,1,0.6067059651471125,1,False Positive
7278-CKDNC,Male,1,No,No,24,Yes,Yes,Fiber optic,No,Yes,No,No,No,No,Month-to-month,Yes,Electronic check,80.5,2088.45,No,0,3,1,0,13-24 months,0,1,0,1,0.7588901340572106,1,False Positive
1956-YIFGE,Male,0,Yes,Yes,22,Yes,No,Fiber optic,No,Yes,Yes,No,Yes,Yes,One year,Yes,Mailed check,100.05,2090.25,No,0,5,2,2,13-24 months,0,1,0,1,0.5348511242814309,1,False Positive
0422-UXFAP,Female,0,Yes,No,51,Yes,Yes,Fiber optic,No,No,Yes,No,Yes,Yes,One year,Yes,Electronic check,98.85,4947.55,No,0,5,1,2,49-72 months,0,1,0,1,0.5957948774582104,1,False Positive
6034-YMTOB,Female,0,No,No,5,Yes,No,Fiber optic,No,No,No,Yes,No,No,Month-to-month,Yes,Mailed check,75.65,399.45,No,0,2,1,0,0-6 months,1,1,0,1,0.784938354222456,1,False Positive
5609-IMCGG,Female,0,No,No,15,Yes,Yes,Fiber optic,Yes,No,Yes,No,No,No,Month-to-month,Yes,Credit card (automatic),84.35,1302.65,No,0,4,2,0,13-24 months,0,1,0,1,0.6155295488439321,1,False Positive
1319-YLZJG,Male,0,Yes,No,12,Yes,No,Fiber optic,Yes,Yes,Yes,No,No,No,Month-to-month,Yes,Electronic check,84.6,959.9,No,0,4,3,0,7-12 months,0,1,0,1,0.6201721144743821,1,False Positive
4760-THGOT,Female,0,Yes,No,43,Yes,Yes,Fiber optic,Yes,Yes,No,No,No,Yes,Month-to-month,Yes,Electronic check,94.1,4107.3,No,0,5,2,1,25-48 months,0,1,0,1,0.5945522480565587,1,False Positive
0430-IHCDJ,Male,0,No,No,15,Yes,Yes,DSL,No,No,No,No,No,No,Month-to-month,Yes,Electronic check,49.0,749.25,No,0,2,0,0,13-24 months,0,0,0,1,0.6248771701776682,1,False Positive
0749-IRGQE,Female,1,Yes,No,13,No,No phone service,DSL,No,No,No,No,Yes,Yes,Month-to-month,No,Electronic check,45.3,528.45,No,0,2,0,2,13-24 months,0,0,0,1,0.7193364494976492,1,False Positive
6481-ESCNL,Female,0,No,No,29,Yes,Yes,Fiber optic,No,No,Yes,No,Yes,Yes,Month-to-month,No,Bank transfer (automatic),100.55,2878.75,No,0,5,1,2,25-48 months,0,1,0,1,0.6914472798854784,1,False Positive
8739-XNIKG,Female,0,No,No,5,Yes,Yes,Fiber optic,No,No,No,No,Yes,No,Month-to-month,Yes,Electronic check,84.0,424.75,No,0,3,0,1,0-6 months,1,1,0,1,0.9243466711066344,1,False Positive
5760-FXFVO,Male,0,No,No,6,Yes,No,Fiber optic,Yes,Yes,No,No,No,No,Month-to-month,Yes,Electronic check,78.95,494.95,No,0,3,2,0,0-6 months,1,1,0,1,0.8069356135402498,1,False Positive
4947-DSMXK,Male,0,Yes,Yes,34,Yes,Yes,Fiber optic,No,Yes,No,No,Yes,Yes,Month-to-month,Yes,Bank transfer (automatic),97.7,3410.0,No,0,5,1,2,25-48 months,0,1,0,1,0.6705888596231708,1,False Positive
2139-FQHLM,Male,0,No,No,19,Yes,No,Fiber optic,No,No,Yes,Yes,Yes,No,Month-to-month,No,Mailed check,89.95,1682.4,No,0,4,2,1,13-24 months,0,1,0,1,0.5427627384491366,1,False Positive
7529-ZDFXI,Male,1,Yes,No,57,Yes,Yes,Fiber optic,No,Yes,No,No,No,Yes,Month-to-month,Yes,Electronic check,89.85,4925.35,No,0,4,1,1,49-72 months,0,1,0,1,0.6703533374191126,1,False Positive
9643-AVVWI,Female,0,Yes,Yes,3,Yes,No,Fiber optic,No,Yes,No,Yes,No,No,Month-to-month,Yes,Electronic check,80.0,241.3,No,0,3,2,0,0-6 months,1,1,0,1,0.7867518043347548,1,False Positive
2924-KHUVI,Male,0,Yes,No,56,Yes,Yes,Fiber optic,Yes,No,No,No,Yes,Yes,One year,Yes,Electronic check,100.55,5514.95,No,0,5,1,2,49-72 months,0,1,0,1,0.500226646368004,0,False Positive
7404-JLKQG,Female,0,No,No,3,Yes,No,DSL,No,No,Yes,No,Yes,No,Month-to-month,No,Electronic check,57.55,161.45,No,0,3,1,1,0-6 months,1,0,0,1,0.7526400228608023,1,False Positive
8378-LKJAF,Male,0,Yes,Yes,38,Yes,Yes,Fiber optic,No,No,Yes,No,Yes,Yes,Month-to-month,Yes,Credit card (automatic),101.15,3956.7,No,0,5,1,2,25-48 months,0,1,0,1,0.6746665126431765,1,False Positive
1310-QRITU,Female,0,No,No,18,Yes,Yes,DSL,No,No,No,No,No,No,Month-to-month,Yes,Electronic check,50.3,913.3,No,0,2,0,0,13-24 months,0,0,0,1,0.6073850250468158,1,False Positive
6542-LWGXJ,Male,0,Yes,No,3,No,No phone service,DSL,No,No,No,No,No,No,Month-to-month,No,Mailed check,25.0,78.25,No,0,0,0,0,0-6 months,1,0,0,1,0.6834572952522423,1,False Positive
3466-WAESX,Male,0,No,Yes,16,Yes,Yes,DSL,Yes,Yes,No,No,No,Yes,Month-to-month,Yes,Electronic check,69.1,1083.7,No,0,5,2,1,13-24 months,0,0,0,1,0.5171047762763559,0,False Positive
7669-LCRSD,Male,0,Yes,Yes,12,Yes,No,DSL,No,No,No,No,Yes,No,Month-to-month,Yes,Mailed check,56.3,628.65,No,0,2,0,1,7-12 months,0,0,0,1,0.5202326607813029,1,False Positive
1475-VWVDO,Male,0,No,No,7,Yes,No,Fiber optic,No,No,Yes,No,No,No,Month-to-month,Yes,Electronic check,74.9,490.55,No,0,2,1,0,7-12 months,0,1,0,1,0.7560527597443227,1,False Positive
0096-BXERS,Female,0,Yes,No,6,Yes,Yes,DSL,No,No,No,No,No,No,Month-to-month,No,Electronic check,50.35,314.55,No,0,2,0,0,0-6 months,1,0,0,1,0.7497394926189287,1,False Positive
6704-UTUKK,Male,0,Yes,No,29,No,No phone service,DSL,No,No,No,No,Yes,Yes,Month-to-month,Yes,Electronic check,45.9,1332.4,No,0,2,0,2,25-48 months,0,0,0,1,0.6801735834262527,1,False Positive
9944-AEXBM,Male,0,No,No,32,Yes,Yes,Fiber optic,No,No,No,No,No,Yes,Month-to-month,Yes,Bank transfer (automatic),85.65,2664.3,No,0,3,0,1,25-48 months,0,1,0,1,0.7054428347079561,1,False Positive
2545-EBUPK,Female,1,No,No,2,Yes,Yes,Fiber optic,No,No,No,No,No,Yes,Month-to-month,Yes,Electronic check,84.05,186.05,No,0,3,0,1,0-6 months,1,1,0,1,0.9422874955337456,1,False Positive
8158-WPEZG,Male,0,No,No,11,No,No phone service,DSL,No,Yes,No,Yes,No,No,Month-to-month,Yes,Electronic check,35.65,425.1,No,0,2,2,0,7-12 months,0,0,0,1,0.5107385544847228,0,False Positive
6077-BDPXA,Female,0,No,No,3,Yes,No,Fiber optic,No,No,No,No,No,No,Month-to-month,Yes,Electronic check,70.15,194.2,No,0,1,0,0,0-6 months,1,0,0,1,0.8807697198450137,1,False Positive
6137-NICCO,Female,0,Yes,Yes,6,Yes,Yes,Fiber optic,No,Yes,Yes,No,Yes,No,Month-to-month,Yes,Mailed check,94.05,518.75,No,0,5,2,1,0-6 months,1,1,0,1,0.8507657951221862,1,False Positive
3312-UUMZW,Male,0,Yes,No,32,Yes,Yes,Fiber optic,No,Yes,No,No,Yes,Yes,Month-to-month,Yes,Credit card (automatic),98.85,3145.9,No,0,5,1,2,25-48 months,0,1,0,1,0.7231956356497943,1,False Positive
1035-IPQPU,Female,1,Yes,No,63,Yes,Yes,Fiber optic,No,Yes,Yes,No,Yes,Yes,Month-to-month,Yes,Electronic check,103.5,6479.4,No,0,6,2,2,49-72 months,0,1,0,1,0.6731768202295446,1,False Positive
2257-BOVXD,Male,0,Yes,No,14,Yes,Yes,DSL,No,No,No,Yes,Yes,No,Month-to-month,Yes,Credit card (automatic),66.6,979.5,No,0,4,1,1,13-24 months,0,0,0,1,0.534487986308857,1,False Positive
2439-LYPMQ,Male,1,Yes,No,38,Yes,Yes,Fiber optic,No,Yes,Yes,No,Yes,Yes,Month-to-month,Yes,Electronic check,102.6,4009.2,No,0,6,2,2,25-48 months,0,1,0,1,0.7866401440191417,1,False Positive
3594-KADLU,Male,0,Yes,No,3,No,No phone service,DSL,Yes,No,No,Yes,No,No,Month-to-month,No,Mailed check,35.1,101.1,No,0,2,2,0,0-6 months,1,0,0,1,0.516662784471301,0,False Positive
6429-SHBCB,Male,0,No,No,19,Yes,Yes,DSL,No,No,No,No,Yes,Yes,Month-to-month,No,Mailed check,69.6,1394.55,No,0,4,0,2,13-24 months,0,0,0,1,0.5897164624226209,1,False Positive
9450-TRJUU,Male,0,No,No,35,Yes,Yes,Fiber optic,No,No,No,No,Yes,No,Month-to-month,No,Electronic check,83.15,2848.45,No,0,3,0,1,25-48 months,0,1,0,1,0.6906358133464189,1,False Positive
7855-DIWPO,Female,0,No,No,21,Yes,No,Fiber optic,No,No,No,No,No,No,Month-to-month,Yes,Electronic check,68.65,1493.2,No,0,1,0,0,13-24 months,0,0,0,1,0.7016794461361239,1,False Positive
6856-RAURS,Female,0,No,No,2,Yes,Yes,Fiber optic,No,No,No,No,No,No,Month-to-month,Yes,Mailed check,74.9,136.05,No,0,2,0,0,0-6 months,1,1,0,1,0.8761384024933127,1,False Positive
2203-GHNWN,Female,0,Yes,No,24,Yes,Yes,Fiber optic,No,No,Yes,No,No,No,Month-to-month,Yes,Mailed check,79.65,1928.7,No,0,3,1,0,13-24 months,0,1,0,1,0.6592238939294182,1,False Positive
1628-BIZYP,Male,0,No,No,1,Yes,No,Fiber optic,No,Yes,No,No,No,Yes,Month-to-month,Yes,Electronic check,85.0,85.0,No,0,3,1,1,0-6 months,1,1,0,1,0.9019849640435128,1,False Positive
2960-NKRSO,Male,0,No,No,24,Yes,No,Fiber optic,No,Yes,Yes,Yes,No,No,Month-to-month,Yes,Electronic check,85.95,2107.15,No,0,4,3,0,13-24 months,0,1,0,1,0.5685541748895271,1,False Positive
6705-LXORM,Female,1,Yes,No,5,Yes,No,Fiber optic,No,No,No,No,No,No,Month-to-month,No,Electronic check,70.05,302.6,No,0,1,0,0,0-6 months,1,0,0,1,0.8634051987420338,1,False Positive
9576-SYUHJ,Male,0,No,No,37,Yes,Yes,Fiber optic,Yes,No,No,No,Yes,No,Month-to-month,Yes,Electronic check,91.15,3369.25,No,0,4,1,1,25-48 months,0,1,0,1,0.6723181257100492,1,False Positive
4396-KLSEH,Male,0,No,No,4,Yes,No,No,No internet service,No internet service,No internet service,No internet service,No internet service,No internet service,Month-to-month,Yes,Electronic check,19.85,63.0,No,0,1,0,0,0-6 months,1,0,0,1,0.5460677903547729,1,False Positive
9334-GWGOW,Male,1,Yes,No,7,Yes,Yes,Fiber optic,No,No,No,No,No,No,Month-to-month,Yes,Electronic check,74.85,485.25,No,0,2,0,0,7-12 months,0,1,0,1,0.8400265076797641,1,False Positive
0581-BXBUB,Female,1,No,No,4,Yes,No,Fiber optic,No,Yes,No,No,No,No,Month-to-month,No,Electronic check,72.75,317.75,No,0,2,1,0,0-6 months,1,1,0,1,0.8458289321753212,1,False Positive
8623-ULFNQ,Female,1,No,No,26,Yes,Yes,DSL,No,No,No,Yes,No,Yes,Month-to-month,Yes,Electronic check,66.05,1652.4,No,0,4,1,1,25-48 months,0,0,0,1,0.6101219507364022,1,False Positive
9822-WMWVG,Female,0,No,No,41,Yes,Yes,Fiber optic,Yes,Yes,Yes,Yes,Yes,No,Month-to-month,Yes,Electronic check,106.5,4282.4,No,0,7,4,1,25-48 months,0,1,0,1,0.5096180171194524,0,False Positive
2187-PKZAY,Male,0,No,No,12,Yes,No,Fiber optic,No,No,No,No,No,Yes,Month-to-month,Yes,Bank transfer (automatic),79.95,1043.4,No,0,2,0,1,7-12 months,0,1,0,1,0.73759071522551,1,False Positive
1895-QTKDO,Female,0,No,No,1,Yes,No,DSL,No,No,No,No,No,No,Month-to-month,No,Credit card (automatic),43.95,43.95,No,0,1,0,0,0-6 months,1,0,0,1,0.641402659054408,1,False Positive
8161-QYMTT,Male,0,No,No,7,Yes,Yes,Fiber optic,No,No,No,No,Yes,Yes,Month-to-month,Yes,Electronic check,94.1,701.3,No,0,4,0,2,7-12 months,0,1,0,1,0.8843166450545342,1,False Positive
2480-SQIOB,Male,0,Yes,Yes,4,Yes,No,DSL,No,No,No,No,No,No,Month-to-month,No,Electronic check,44.8,169.65,No,0,1,0,0,0-6 months,1,0,0,1,0.6674575416081305,1,False Positive
4993-JCRGJ,Male,0,No,No,26,Yes,Yes,Fiber optic,No,No,Yes,Yes,No,No,Month-to-month,Yes,Mailed check,84.3,2281.6,No,0,4,2,0,25-48 months,0,1,0,1,0.5753221370768926,1,False Positive
0581-MDMPW,Female,0,No,No,24,Yes,Yes,Fiber optic,No,No,Yes,No,Yes,No,Month-to-month,Yes,Credit card (automatic),88.95,2072.75,No,0,4,1,1,13-24 months,0,1,0,1,0.7172187774380233,1,False Positive
9278-VZKCD,Female,1,Yes,No,52,Yes,Yes,Fiber optic,Yes,Yes,Yes,No,Yes,Yes,Month-to-month,Yes,Electronic check,109.1,5647.95,No,0,7,3,2,49-72 months,0,1,0,1,0.6447258435456981,1,False Positive
1575-KRZZE,Female,0,No,No,4,Yes,No,DSL,Yes,Yes,No,No,No,No,Month-to-month,No,Electronic check,55.2,220.65,No,0,3,2,0,0-6 months,1,0,0,1,0.5900080668961849,1,False Positive
6557-BZXLQ,Male,1,No,No,16,Yes,No,Fiber optic,No,No,No,No,No,No,Month-to-month,No,Electronic check,69.65,1043.3,No,0,1,0,0,13-24 months,0,0,0,1,0.7102264186450157,1,False Positive
2432-TFSMK,Male,0,No,No,18,Yes,Yes,Fiber optic,No,No,Yes,No,Yes,No,One year,Yes,Credit card (automatic),89.6,1633.0,No,0,4,1,1,13-24 months,0,1,0,1,0.6289808295016059,1,False Positive
1942-OQFRW,Male,0,No,No,1,Yes,No,DSL,No,No,No,No,No,No,Month-to-month,No,Electronic check,44.0,44.0,No,0,1,0,0,0-6 months,1,0,0,1,0.7221280231915284,1,False Positive
2480-EJWYP,Female,1,Yes,No,58,Yes,Yes,Fiber optic,No,Yes,No,No,Yes,Yes,One year,Yes,Bank transfer (automatic),97.8,5458.8,No,0,5,1,2,49-72 months,0,1,0,1,0.5025760366107597,0,False Positive
2077-MPJQO,Male,1,Yes,No,7,Yes,Yes,Fiber optic,No,No,No,No,No,No,Month-to-month,Yes,Electronic check,75.4,533.05,No,0,2,0,0,7-12 months,0,1,0,1,0.8403556173957919,1,False Positive
7181-OQCUT,Male,0,No,No,21,Yes,Yes,Fiber optic,Yes,No,Yes,No,Yes,Yes,Month-to-month,No,Mailed check,103.85,2215.0,No,0,6,2,2,13-24 months,0,1,0,1,0.6541510318198434,1,False Positive
4647-MUZON,Female,0,Yes,No,18,Yes,No,Fiber optic,No,No,Yes,No,Yes,Yes,Month-to-month,Yes,Credit card (automatic),95.95,1745.5,No,0,4,1,2,13-24 months,0,1,0,1,0.74958197048934,1,False Positive
8212-DJRCH,Male,0,Yes,Yes,5,Yes,No,Fiber optic,Yes,No,Yes,No,No,Yes,Month-to-month,Yes,Mailed check,90.35,434.5,No,0,4,2,1,0-6 months,1,1,0,1,0.7897276355792466,1,False Positive
5501-TVMGM,Male,0,No,No,1,Yes,No,DSL,No,No,No,No,No,Yes,Month-to-month,Yes,Electronic check,55.25,55.25,No,0,2,0,1,0-6 months,1,0,0,1,0.8302891373690944,1,False Positive
2277-VWCNI,Female,1,No,No,4,Yes,Yes,DSL,No,No,No,No,No,No,Month-to-month,No,Mailed check,48.75,179.85,No,0,2,0,0,0-6 months,1,0,0,1,0.7352530192137872,1,False Positive
5461-QKNTN,Male,1,Yes,No,43,Yes,Yes,Fiber optic,No,Yes,No,Yes,Yes,No,Month-to-month,Yes,Electronic check,94.3,3953.15,No,0,5,2,1,25-48 months,0,1,0,1,0.6579104786445095,1,False Positive
3320-VEOYC,Male,1,No,No,14,Yes,Yes,Fiber optic,No,No,No,No,Yes,Yes,Month-to-month,Yes,Electronic check,95.6,1273.3,No,0,4,0,2,13-24 months,0,1,0,1,0.8918821633662631,1,False Positive
6080-TCMYC,Male,0,Yes,Yes,40,Yes,Yes,Fiber optic,No,No,Yes,No,No,No,Month-to-month,Yes,Electronic check,81.2,3292.3,No,0,3,1,0,25-48 months,0,1,0,1,0.6180181653985023,1,False Positive
0958-YHXGP,Female,0,No,No,7,Yes,No,Fiber optic,No,No,No,No,No,No,Month-to-month,Yes,Mailed check,69.9,497.3,No,0,1,0,0,7-12 months,0,0,0,1,0.6972332782262686,1,False Positive
1816-FLZDK,Male,0,No,No,1,No,No phone service,DSL,No,No,No,Yes,No,No,Month-to-month,No,Mailed check,29.15,29.15,No,0,1,1,0,0-6 months,1,0,0,1,0.6165212373784827,1,False Positive
1833-TCXKK,Male,0,Yes,No,45,Yes,Yes,Fiber optic,No,Yes,Yes,No,Yes,Yes,Month-to-month,Yes,Bank transfer (automatic),107.75,4882.8,No,0,6,2,2,25-48 months,0,1,0,1,0.6516877184628226,1,False Positive
1436-ZMJAN,Female,0,Yes,No,10,Yes,No,DSL,No,No,Yes,No,Yes,Yes,Month-to-month,Yes,Credit card (automatic),67.8,653.15,No,0,4,1,2,7-12 months,0,0,0,1,0.6179693114785582,1,False Positive
2672-OJQZP,Female,0,No,No,1,Yes,No,DSL,No,No,No,No,No,No,Month-to-month,No,Mailed check,44.75,44.75,No,0,1,0,0,0-6 months,1,0,0,1,0.6475565582858703,1,False Positive
6173-GOLSU,Male,1,Yes,No,67,Yes,Yes,Fiber optic,No,No,No,No,Yes,Yes,Month-to-month,Yes,Credit card (automatic),94.65,6079.0,No,0,4,0,2,49-72 months,0,1,0,1,0.6379866444467134,1,False Positive
7354-OIJLX,Male,0,No,No,9,Yes,Yes,Fiber optic,No,No,No,No,No,No,Month-to-month,Yes,Electronic check,75.85,724.65,No,0,2,0,0,7-12 months,0,1,0,1,0.8047785176093584,1,False Positive
3567-PQTSO,Male,0,Yes,Yes,53,Yes,Yes,Fiber optic,No,Yes,Yes,No,Yes,Yes,One year,Yes,Electronic check,105.25,5576.3,No,0,6,2,2,49-72 months,0,1,0,1,0.5033415153764222,0,False Positive
3197-ARFOY,Female,1,No,No,19,Yes,No,Fiber optic,Yes,Yes,No,Yes,Yes,Yes,Month-to-month,Yes,Mailed check,105.0,2007.25,No,0,6,3,2,13-24 months,0,1,0,1,0.6242098801179237,1,False Positive
7504-UWHNB,Male,0,No,No,25,Yes,No,Fiber optic,No,No,No,No,No,No,Month-to-month,No,Electronic check,69.75,1729.35,No,0,1,0,0,25-48 months,0,0,0,1,0.620138784552682,1,False Positive
8757-TFHHJ,Male,0,No,No,1,Yes,No,DSL,Yes,No,No,No,No,No,Month-to-month,Yes,Credit card (automatic),49.8,49.8,No,0,2,1,0,0-6 months,1,0,0,1,0.637513057222565,1,False Positive
0682-USIXD,Female,0,Yes,No,21,Yes,No,Fiber optic,No,No,No,Yes,Yes,No,Month-to-month,Yes,Electronic check,86.05,1818.9,No,0,3,1,1,13-24 months,0,1,0,1,0.6914931913438108,1,False Positive
9279-CJEOJ,Female,1,No,No,21,Yes,Yes,Fiber optic,No,No,No,No,Yes,Yes,Month-to-month,Yes,Bank transfer (automatic),95.4,2025.1,No,0,4,0,2,13-24 months,0,1,0,1,0.829100116109258,1,False Positive
2985-FMWYF,Female,0,No,No,23,Yes,Yes,Fiber optic,No,No,No,No,Yes,Yes,Month-to-month,Yes,Electronic check,93.5,2341.55,No,0,4,0,2,13-24 months,0,1,0,1,0.8373366714281365,1,False Positive
8785-CJSHH,Female,0,Yes,No,60,Yes,Yes,Fiber optic,No,Yes,No,No,Yes,Yes,Month-to-month,Yes,Electronic check,99.8,5985.75,No,0,5,1,2,49-72 months,0,1,0,1,0.6581507029720733,1,False Positive
3587-PMCOY,Male,0,No,No,10,Yes,No,Fiber optic,Yes,No,Yes,No,Yes,Yes,One year,Yes,Electronic check,98.9,1064.95,No,0,5,2,2,7-12 months,0,1,0,1,0.6700283239767422,1,False Positive
5650-YLIBA,Male,0,No,No,31,Yes,Yes,Fiber optic,No,Yes,No,No,No,No,Month-to-month,Yes,Electronic check,81.15,2640.55,No,0,3,1,0,25-48 months,0,1,0,1,0.6872081665276615,1,False Positive
5144-TVGLP,Male,1,No,No,38,Yes,Yes,Fiber optic,No,No,No,No,Yes,Yes,Month-to-month,No,Electronic check,94.75,3653.0,No,0,4,0,2,25-48 months,0,1,0,1,0.7757495563433,1,False Positive
3569-EDBPQ,Female,0,No,No,24,Yes,Yes,Fiber optic,Yes,No,No,Yes,No,No,Month-to-month,Yes,Electronic check,84.35,1938.05,No,0,4,2,0,13-24 months,0,1,0,1,0.5866600143705891,1,False Positive
4706-DGAHW,Male,1,No,No,1,Yes,No,DSL,No,No,No,No,No,No,Month-to-month,No,Electronic check,45.2,45.2,No,0,1,0,0,0-6 months,1,0,0,1,0.7650141769922857,1,False Positive
5133-POWUA,Male,0,No,No,1,Yes,No,DSL,No,No,No,No,No,No,Month-to-month,Yes,Mailed check,45.8,45.8,No,0,1,0,0,0-6 months,1,0,0,1,0.723286917029191,1,False Positive
5382-SOYZL,Male,0,No,No,22,Yes,Yes,Fiber optic,No,No,No,No,Yes,Yes,Month-to-month,Yes,Electronic check,95.1,2162.6,No,0,4,0,2,13-24 months,0,1,0,1,0.8461719490467992,1,False Positive
4840-ORQXB,Female,1,No,No,56,Yes,Yes,Fiber optic,No,Yes,Yes,No,Yes,Yes,Month-to-month,No,Electronic check,104.75,5841.35,No,0,6,2,2,49-72 months,0,1,0,1,0.6415738187843849,1,False Positive
8775-ERLNB,Male,1,Yes,No,1,Yes,Yes,Fiber optic,No,No,No,No,No,No,Month-to-month,No,Electronic check,74.3,74.3,No,0,2,0,0,0-6 months,1,1,0,1,0.9011956202472722,1,False Positive
9927-DSWDF,Male,0,Yes,No,22,Yes,No,Fiber optic,Yes,Yes,No,Yes,Yes,Yes,Month-to-month,Yes,Electronic check,104.6,2180.55,No,0,6,3,2,13-24 months,0,1,0,1,0.6389064595674003,1,False Positive
3094-JOJAI,Male,0,No,No,18,Yes,Yes,Fiber optic,No,No,No,No,No,No,Month-to-month,No,Mailed check,74.15,1387.0,No,0,2,0,0,13-24 months,0,1,0,1,0.6371189340245609,1,False Positive
6729-GDNGC,Female,1,No,No,20,Yes,No,Fiber optic,No,No,No,No,Yes,No,Month-to-month,No,Bank transfer (automatic),80.7,1614.2,No,0,2,0,1,13-24 months,0,1,0,1,0.6753141936712282,1,False Positive
2720-FVBQP,Female,0,Yes,Yes,6,Yes,Yes,DSL,No,No,No,No,No,No,Month-to-month,Yes,Credit card (automatic),48.95,273.25,No,0,2,0,0,0-6 months,1,0,0,1,0.7028040309548308,1,False Positive
6048-QBXKL,Female,1,No,No,2,Yes,Yes,DSL,No,Yes,No,No,No,No,Month-to-month,Yes,Credit card (automatic),56.55,118.25,No,0,3,1,0,0-6 months,1,0,0,1,0.7747122228105161,1,False Positive
0013-MHZWF,Female,0,No,Yes,9,Yes,No,DSL,No,No,No,Yes,Yes,Yes,Month-to-month,Yes,Credit card (automatic),69.4,571.45,No,0,4,1,2,7-12 months,0,0,0,1,0.513386411012288,0,False Positive
7876-BEUTG,Female,0,No,No,15,Yes,Yes,DSL,No,No,No,No,No,No,Month-to-month,Yes,Mailed check,48.8,720.1,No,0,2,0,0,13-24 months,0,0,0,1,0.5390561454422733,1,False Positive
5628-FCGYG,Male,0,No,No,21,Yes,Yes,Fiber optic,No,No,No,No,No,Yes,Month-to-month,Yes,Electronic check,84.1,1737.45,No,0,3,0,1,13-24 months,0,1,0,1,0.8087858171978816,1,False Positive
4329-YPDDQ,Male,0,No,No,20,Yes,No,Fiber optic,Yes,Yes,Yes,Yes,Yes,Yes,Month-to-month,Yes,Bank transfer (automatic),108.2,2203.7,No,0,7,4,2,13-24 months,0,1,0,1,0.5505481917756911,1,False Positive
5934-TSSAU,Female,0,Yes,Yes,23,Yes,No,Fiber optic,No,No,Yes,No,No,No,Month-to-month,Yes,Credit card (automatic),75.3,1702.9,No,0,2,1,0,13-24 months,0,1,0,1,0.5529393786376348,1,False Positive
5600-PDUJF,Male,0,No,No,6,Yes,No,DSL,No,No,No,Yes,No,No,Month-to-month,Yes,Credit card (automatic),49.5,312.7,No,0,2,1,0,0-6 months,1,0,0,1,0.6208030528796816,1,False Positive
4090-KPJIP,Female,0,No,No,3,Yes,Yes,Fiber optic,No,No,No,No,No,No,Month-to-month,Yes,Electronic check,74.95,212.4,No,0,2,0,0,0-6 months,1,1,0,1,0.905845605485836,1,False Positive
4983-CLMLV,Female,0,Yes,No,52,Yes,Yes,Fiber optic,No,Yes,No,Yes,Yes,Yes,Month-to-month,Yes,Credit card (automatic),102.7,5138.1,No,0,6,2,2,49-72 months,0,1,0,1,0.5340427241917831,1,False Positive
7055-HNEOJ,Male,0,Yes,No,3,Yes,No,DSL,No,No,Yes,Yes,No,No,Month-to-month,Yes,Mailed check,55.8,154.55,No,0,3,2,0,0-6 months,1,0,0,1,0.6264841164760168,1,False Positive
8541-QVFKM,Female,0,No,No,8,Yes,Yes,Fiber optic,No,No,No,No,No,No,Month-to-month,Yes,Electronic check,73.5,632.2,No,0,2,0,0,7-12 months,0,1,0,1,0.8009810382889206,1,False Positive
7129-ACFOG,Female,0,No,No,5,Yes,Yes,DSL,Yes,No,No,No,No,No,Month-to-month,Yes,Electronic check,53.8,283.95,No,0,3,1,0,0-6 months,1,0,0,1,0.7434190166925512,1,False Positive
1452-KIOVK,Male,0,No,Yes,22,Yes,Yes,Fiber optic,No,Yes,No,No,Yes,No,Month-to-month,Yes,Credit card (automatic),89.1,1949.4,No,0,4,1,1,13-24 months,0,1,0,1,0.6706299613751988,1,False Positive
5651-YLPRD,Female,0,Yes,Yes,32,Yes,No,Fiber optic,No,Yes,No,No,Yes,No,Month-to-month,Yes,Electronic check,86.1,2723.75,No,0,3,1,1,25-48 months,0,1,0,1,0.6363939407779808,1,False Positive
6630-UJZMY,Female,1,Yes,No,4,Yes,Yes,Fiber optic,No,No,No,No,Yes,No,Month-to-month,Yes,Electronic check,83.25,308.05,No,0,3,0,1,0-6 months,1,1,0,1,0.938387659947438,1,False Positive
8985-OOPOS,Female,0,No,No,1,Yes,No,DSL,No,No,Yes,Yes,Yes,Yes,One year,No,Credit card (automatic),74.1,74.1,No,0,5,2,2,0-6 months,1,1,0,1,0.5560419198613723,1,False Positive
5630-AHZIL,Female,0,No,Yes,3,Yes,No,DSL,Yes,No,No,Yes,No,Yes,Month-to-month,Yes,Bank transfer (automatic),64.5,177.4,No,0,4,2,1,0-6 months,1,0,0,1,0.5679456342962019,1,False Positive
2190-BCXEC,Female,0,Yes,No,40,Yes,Yes,Fiber optic,No,No,No,Yes,No,No,Month-to-month,Yes,Credit card (automatic),78.85,3126.85,No,0,3,1,0,25-48 months,0,1,0,1,0.5032105693877625,0,False Positive
1559-DTODC,Male,0,No,No,19,No,No phone service,DSL,No,No,No,No,No,No,Month-to-month,Yes,Bank transfer (automatic),25.15,468.35,No,0,0,0,0,13-24 months,0,0,0,1,0.5095547777466668,0,False Positive
0265-PSUAE,Female,0,Yes,Yes,16,Yes,No,Fiber optic,Yes,No,Yes,No,Yes,Yes,Month-to-month,No,Bank transfer (automatic),100.7,1522.7,No,0,5,2,2,13-24 months,0,1,0,1,0.5658583585528186,1,False Positive
2988-PLAHS,Female,0,No,No,3,Yes,No,DSL,No,No,Yes,No,Yes,Yes,One year,Yes,Electronic check,69.95,220.45,No,0,4,1,2,0-6 months,1,0,0,1,0.7670992015481377,1,False Positive
3524-WQDSG,Female,0,Yes,Yes,43,Yes,Yes,Fiber optic,No,No,Yes,No,Yes,Yes,Month-to-month,Yes,Bank transfer (automatic),99.3,4209.95,No,0,5,1,2,25-48 months,0,1,0,1,0.6440427704685162,1,False Positive
5331-RGMTT,Male,1,Yes,No,54,Yes,Yes,Fiber optic,No,No,Yes,No,Yes,Yes,Month-to-month,Yes,Credit card (automatic),99.05,5295.7,No,0,5,1,2,49-72 months,0,1,0,1,0.6838946647917323,1,False Positive
1357-BIJKI,Male,0,Yes,No,50,Yes,Yes,Fiber optic,No,Yes,No,No,Yes,Yes,One year,Yes,Electronic check,98.25,4858.7,No,0,5,1,2,49-72 months,0,1,0,1,0.5837596081131501,1,False Positive
2101-RANCD,Female,0,No,No,55,Yes,Yes,Fiber optic,No,No,No,No,No,No,Month-to-month,Yes,Electronic check,73.1,4144.9,No,0,2,0,0,49-72 months,0,1,0,1,0.5953025084989344,1,False Positive
4029-HPFVY,Male,0,No,No,3,Yes,No,Fiber optic,No,No,No,No,No,No,Month-to-month,Yes,Mailed check,70.3,220.4,No,0,1,0,0,0-6 months,1,0,0,1,0.8450264909207911,1,False Positive
