Feature,Coefficient,Absolute_Coefficient
cat__Contract_Month-to-month,0.4862141167867736,0.4862141167867736
num__tenure,-0.4266334383734629,0.4266334383734629
cat__Contract_Two year,-0.411484239522258,0.411484239522258
cat__InternetService_Fiber optic,0.31723259253656855,0.31723259253656855
num__Is_New_Customer,0.3039030004021284,0.3039030004021284
num__MonthlyCharges,0.27346897206342036,0.27346897206342036
cat__PaymentMethod_Electronic check,0.2547427515498969,0.2547427515498969
cat__InternetService_DSL,-0.23973767883061856,0.23973767883061856
cat__OnlineSecurity_No,0.1901294242000796,0.1901294242000796
cat__TechSupport_No,0.17418132726543387,0.17418132726543387
cat__PaperlessBilling_No,-0.15920840394945063,0.15920840394945063
cat__PaperlessBilling_Yes,0.15887910991835444,0.15887910991835444
cat__MultipleLines_No,-0.14917139019640718,0.14917139019640718
num__Streaming_Count,0.14499733042778976,0.14499733042778976
num__SecuritySupport_Count,-0.13149526823481458,0.13149526823481458
num__TotalCharges,-0.12109999359626164,0.12109999359626164
cat__OnlineSecurity_Yes,-0.11263451049412937,0.11263451049412937
cat__Dependents_Yes,-0.09812951866398284,0.09812951866398284
cat__Dependents_No,0.09780022463288612,0.09780022463288612
cat__TechSupport_Yes,-0.09668641355948379,0.09668641355948379
cat__PaymentMethod_Credit card (automatic),-0.0934421124920783,0.0934421124920783
cat__PaymentMethod_Bank transfer (automatic),-0.08782928871469506,0.08782928871469506
cat__OnlineBackup_No,0.08056865269558562,0.08056865269558562
cat__MultipleLines_Yes,0.08026476139304332,0.08026476139304332
num__SeniorCitizen,0.07928700036501522,0.07928700036501522
cat__StreamingTV_No internet service,-0.07782420773704615,0.07782420773704615
cat__StreamingMovies_No internet service,-0.07782420773704615,0.07782420773704615
cat__OnlineSecurity_No internet service,-0.07782420773704615,0.07782420773704615
cat__TechSupport_No internet service,-0.07782420773704615,0.07782420773704615
cat__OnlineBackup_No internet service,-0.07782420773704615,0.07782420773704615
cat__DeviceProtection_No internet service,-0.07782420773704615,0.07782420773704615
cat__InternetService_No,-0.07782420773704615,0.07782420773704615
cat__Contract_One year,-0.07505917129561075,0.07505917129561075
cat__PaymentMethod_Mailed check,-0.0738006443742209,0.0738006443742209
cat__PhoneService_Yes,-0.06890662880336404,0.06890662880336404
cat__MultipleLines_No phone service,0.06857733477226759,0.06857733477226759
cat__PhoneService_No,0.06857733477226759,0.06857733477226759
cat__StreamingMovies_Yes,0.06440708676832005,0.06440708676832005
cat__StreamingTV_Yes,0.05932082150836325,0.05932082150836325
cat__DeviceProtection_Yes,0.042595886809337,0.042595886809337
cat__DeviceProtection_No,0.03489902689661289,0.03489902689661289
cat__StreamingTV_No,0.018174092197586506,0.018174092197586506
num__Num_Services,-0.016223778717244716,0.016223778717244716
cat__StreamingMovies_No,0.013087826937629846,0.013087826937629846
cat__gender_Female,-0.012639007353216212,0.012639007353216212
cat__gender_Male,0.01230971332211974,0.01230971332211974
cat__Partner_Yes,-0.005608507190030297,0.005608507190030297
cat__Partner_No,0.005279213158933754,0.005279213158933754
cat__OnlineBackup_Yes,-0.0030737389896357916,0.0030737389896357916
